"","YEAR","SAMPLE","SERIAL","CBSERIAL","NUMPREC","HHWT","HHTYPE","REPWT","CLUSTER","STATEFIP","STRATA","GQ","GQTYPE","GQTYPED","HHINCOME","REPWT1","REPWT2","REPWT3","REPWT4","REPWT5","REPWT6","REPWT7","REPWT8","REPWT9","REPWT10","REPWT11","REPWT12","REPWT13","REPWT14","REPWT15","REPWT16","REPWT17","REPWT18","REPWT19","REPWT20","REPWT21","REPWT22","REPWT23","REPWT24","REPWT25","REPWT26","REPWT27","REPWT28","REPWT29","REPWT30","REPWT31","REPWT32","REPWT33","REPWT34","REPWT35","REPWT36","REPWT37","REPWT38","REPWT39","REPWT40","REPWT41","REPWT42","REPWT43","REPWT44","REPWT45","REPWT46","REPWT47","REPWT48","REPWT49","REPWT50","REPWT51","REPWT52","REPWT53","REPWT54","REPWT55","REPWT56","REPWT57","REPWT58","REPWT59","REPWT60","REPWT61","REPWT62","REPWT63","REPWT64","REPWT65","REPWT66","REPWT67","REPWT68","REPWT69","REPWT70","REPWT71","REPWT72","REPWT73","REPWT74","REPWT75","REPWT76","REPWT77","REPWT78","REPWT79","REPWT80","PERNUM","PERWT","FAMUNIT","FAMSIZE","SFTYPE","SFRELATE","CBSFRELATE","MOMLOC","POPLOC","NCHILD","NCHLT5","NSIBS","ELDCH","YNGCH","RELATE","RELATED","SEX","AGE","MARST","RACE","RACED","HISPAN","HISPAND","BPL","BPLD","ANCESTR1","ANCESTR1D","ANCESTR2","ANCESTR2D","YRIMMIG","LANGUAGE","LANGUAGED","PREDHISP","HCOVANY","HCOVPRIV","HINSTRI","HCOVPUB","HINSCAID","HINSCARE","HINSVA","EDUC","EDUCD","EMPSTAT","EMPSTATD","LABFORCE","CLASSWKR","CLASSWKRD","OCC","IND","UHRSWORK","INCTOT","FTOTINC","INCWAGE","INCSS","INCWELFR","INCSUPP","OCCSCORE","DIFFREM","DIFFPHYS","DIFFMOB","DIFFCARE","DIFFSENS","DIFFEYE","DIFFHEAR","TRANWORK","TRANTIME","SPMPOV","mother_age","father_age"
"1",2010,201001,86075,155981,5,157,3,1,2010000860751,6,750206,1,0,0,94380,182,257,156,260,158,148,142,43,146,49,160,162,48,147,241,43,44,297,185,237,172,256,175,259,160,135,145,51,164,43,159,156,40,148,245,51,52,240,168,44,178,46,175,56,169,148,140,304,148,262,166,142,241,180,42,235,260,48,158,48,150,47,161,39,160,160,134,272,147,242,148,168,284,152,43,237,268,52,169,290,1,157,1,5,0,0,0,0,0,1,0,0,54,54,1,101,2,85,5,7,700,1,100,200,20000,210,2101,999,9990,1975,12,1200,1,2,1,1,2,1,2,1,2,23,3,30,1,0,0,0,0,0,12000,94380,0,12000,0,0,0,1,1,2,1,2,2,1,0,0,0,NA,NA
"2",2010,201001,86075,155981,5,157,3,1,2010000860751,6,750206,1,0,0,94380,182,257,156,260,158,148,142,43,146,49,160,162,48,147,241,43,44,297,185,237,172,256,175,259,160,135,145,51,164,43,159,156,40,148,245,51,52,240,168,44,178,46,175,56,169,148,140,304,148,262,166,142,241,180,42,235,260,48,158,48,150,47,161,39,160,160,134,272,147,242,148,168,284,152,43,237,268,52,169,290,2,191,1,5,2,2,2,1,0,2,0,0,37,20,3,301,2,54,1,7,700,1,100,200,20000,210,2101,999,9990,1975,12,1200,1,2,2,1,1,1,1,1,1,16,1,10,2,2,22,7750,3990,40,15000,94380,15000,0,0,0,23,1,1,1,1,1,1,1,10,20,0,85,NA
"3",2010,201001,86075,155981,5,157,3,1,2010000860751,6,750206,1,0,0,94380,182,257,156,260,158,148,142,43,146,49,160,162,48,147,241,43,44,297,185,237,172,256,175,259,160,135,145,51,164,43,159,156,40,148,245,51,52,240,168,44,178,46,175,56,169,148,140,304,148,262,166,142,241,180,42,235,260,48,158,48,150,47,161,39,160,160,134,272,147,242,148,168,284,152,43,237,268,52,169,290,3,212,1,5,0,0,0,2,5,0,0,1,99,99,9,901,1,37,6,7,700,1,100,200,20000,210,2101,999,9990,1981,12,1200,1,2,2,1,1,1,1,1,5,50,1,10,2,2,22,5610,4180,40,35000,94380,35000,0,0,0,26,1,1,1,1,1,1,1,10,15,0,54,60
"4",2010,201001,86075,155981,5,157,3,1,2010000860751,6,750206,1,0,0,94380,182,257,156,260,158,148,142,43,146,49,160,162,48,147,241,43,44,297,185,237,172,256,175,259,160,135,145,51,164,43,159,156,40,148,245,51,52,240,168,44,178,46,175,56,169,148,140,304,148,262,166,142,241,180,42,235,260,48,158,48,150,47,161,39,160,160,134,272,147,242,148,168,284,152,43,237,268,52,169,290,4,191,1,5,0,0,0,2,5,0,0,1,99,99,9,901,1,20,6,7,700,1,100,6,600,210,2101,999,9990,0,12,1200,1,2,2,1,1,1,1,1,7,71,1,10,2,2,22,4720,5070,25,380,94380,380,0,0,0,18,1,1,1,1,1,1,1,10,15,0,54,60
"5",2010,201001,86075,155981,5,157,3,1,2010000860751,6,750206,1,0,0,94380,182,257,156,260,158,148,142,43,146,49,160,162,48,147,241,43,44,297,185,237,172,256,175,259,160,135,145,51,164,43,159,156,40,148,245,51,52,240,168,44,178,46,175,56,169,148,140,304,148,262,166,142,241,180,42,235,260,48,158,48,150,47,161,39,160,160,134,272,147,242,148,168,284,152,43,237,268,52,169,290,5,210,1,5,2,1,1,0,0,2,0,0,37,20,4,401,1,60,1,7,700,1,100,200,20000,210,2101,999,9990,1983,12,1200,1,2,2,1,1,1,1,1,1,14,1,10,2,2,22,4220,4970,40,32000,94380,32000,0,0,0,19,1,1,1,1,1,1,1,10,15,0,NA,NA
"6",2010,201001,98084,274051,1,79,6,1,2010000980841,6,350306,1,0,0,8400,97,139,76,72,60,25,70,66,122,22,103,129,70,87,29,24,165,83,78,23,109,147,87,84,80,22,67,98,125,17,129,145,74,83,22,25,133,73,98,156,74,21,75,67,66,109,65,90,31,113,25,23,84,78,148,116,22,92,66,145,94,24,98,74,68,128,69,105,28,113,18,22,79,89,131,146,28,77,92,23,1,79,1,1,0,0,0,0,0,0,0,0,99,99,1,101,2,80,5,7,700,1,100,200,20000,290,2900,999,9990,1945,12,1200,1,2,1,1,2,2,2,1,2,22,3,30,1,0,0,0,0,0,8400,8400,0,6000,0,2400,0,1,1,1,1,1,1,1,0,0,1,NA,NA
"7",2010,201001,144429,724414,3,64,3,1,2010001444291,6,610506,1,0,0,16900,64,18,60,104,68,18,18,65,62,18,104,58,109,112,68,110,19,65,63,65,63,20,63,117,58,18,20,67,68,20,126,63,106,100,69,112,18,63,65,64,68,20,62,125,69,18,19,65,68,16,117,63,110,110,63,109,18,56,60,66,70,20,69,103,59,20,19,67,61,20,114,59,114,104,65,106,19,57,62,64,1,64,1,3,0,0,0,0,3,1,0,0,28,28,1,101,2,64,4,1,100,1,100,200,20000,210,2101,999,9990,1980,12,1200,1,2,1,1,2,2,2,1,6,63,1,10,2,2,29,940,7280,45,2900,16900,2900,0,0,0,42,1,1,1,1,1,1,1,10,30,1,NA,80
"8",2010,201001,144429,724414,3,64,3,1,2010001444291,6,610506,1,0,0,16900,64,18,60,104,68,18,18,65,62,18,104,58,109,112,68,110,19,65,63,65,63,20,63,117,58,18,20,67,68,20,126,63,106,100,69,112,18,63,65,64,68,20,62,125,69,18,19,65,68,16,117,63,110,110,63,109,18,56,60,66,70,20,69,103,59,20,19,67,61,20,114,59,114,104,65,106,19,57,62,64,2,98,1,3,0,0,0,1,0,0,0,0,99,99,3,301,1,28,6,1,100,1,100,22,2200,210,2101,999,9990,0,12,1200,1,1,1,1,1,1,1,1,6,61,3,30,1,0,0,0,0,0,0,16900,0,0,0,0,0,1,1,1,1,1,1,1,0,0,1,64,NA
"9",2010,201001,144429,724414,3,64,3,1,2010001444291,6,610506,1,0,0,16900,64,18,60,104,68,18,18,65,62,18,104,58,109,112,68,110,19,65,63,65,63,20,63,117,58,18,20,67,68,20,126,63,106,100,69,112,18,63,65,64,68,20,62,125,69,18,19,65,68,16,117,63,110,110,63,109,18,56,60,66,70,20,69,103,59,20,19,67,61,20,114,59,114,104,65,106,19,57,62,64,3,67,1,3,0,0,0,0,0,1,0,0,64,64,5,501,1,80,5,1,100,1,100,200,20000,210,2101,999,9990,1962,12,1200,1,2,1,1,2,1,2,1,6,64,3,30,1,0,0,0,0,0,14000,16900,0,14000,0,0,0,1,1,1,1,1,1,1,0,0,1,NA,NA
"10",2010,201001,237648,1369828,6,161,1,1,2010002376481,8,80708,1,0,0,98700,44,148,40,188,169,242,165,229,147,260,161,161,52,161,138,59,281,200,60,47,189,53,164,351,59,208,45,162,212,136,285,47,157,233,238,175,166,158,143,160,53,167,57,158,173,209,169,266,140,230,164,150,55,135,152,69,331,243,48,53,158,58,178,260,48,153,48,160,272,151,219,47,133,238,264,159,182,167,194,204,1,162,1,6,0,0,0,0,0,2,0,0,11,11,1,101,1,50,1,1,100,1,100,200,20000,210,2101,999,9990,1980,12,1200,1,1,1,1,1,1,1,1,6,64,1,10,2,1,14,4760,4670,50,66000,98700,38400,0,0,0,24,1,1,1,1,1,1,1,10,20,0,NA,NA
"11",2010,201001,237648,1369828,6,161,1,1,2010002376481,8,80708,1,0,0,98700,44,148,40,188,169,242,165,229,147,260,161,161,52,161,138,59,281,200,60,47,189,53,164,351,59,208,45,162,212,136,285,47,157,233,238,175,166,158,143,160,53,167,57,158,173,209,169,266,140,230,164,150,55,135,152,69,331,243,48,53,158,58,178,260,48,153,48,160,272,151,219,47,133,238,264,159,182,167,194,204,2,138,1,6,0,0,0,5,0,2,0,0,11,11,2,201,2,52,1,1,100,1,100,8,800,290,2900,999,9990,0,12,1200,1,1,1,1,1,1,1,1,6,64,3,30,1,2,29,5700,4670,20,9900,98700,9900,0,0,0,22,1,1,1,1,1,1,1,0,0,0,93,NA
"12",2010,201001,237648,1369828,6,161,1,1,2010002376481,8,80708,1,0,0,98700,44,148,40,188,169,242,165,229,147,260,161,161,52,161,138,59,281,200,60,47,189,53,164,351,59,208,45,162,212,136,285,47,157,233,238,175,166,158,143,160,53,167,57,158,173,209,169,266,140,230,164,150,55,135,152,69,331,243,48,53,158,58,178,260,48,153,48,160,272,151,219,47,133,238,264,159,182,167,194,204,5,144,1,6,0,0,0,0,0,1,0,0,52,52,6,601,2,93,5,1,100,1,100,35,3500,290,2900,999,9990,0,12,1200,1,2,1,1,2,2,2,1,0,2,3,30,1,0,0,0,0,0,16800,98700,0,0,0,0,0,2,2,2,2,2,1,2,0,0,0,NA,NA
"13",2010,201001,237648,1369828,6,161,1,1,2010002376481,8,80708,1,0,0,98700,44,148,40,188,169,242,165,229,147,260,161,161,52,161,138,59,281,200,60,47,189,53,164,351,59,208,45,162,212,136,285,47,157,233,238,175,166,158,143,160,53,167,57,158,173,209,169,266,140,230,164,150,55,135,152,69,331,243,48,53,158,58,178,260,48,153,48,160,272,151,219,47,133,238,264,159,182,167,194,204,6,163,1,6,0,0,0,0,0,0,0,0,99,99,6,601,1,77,2,1,100,1,100,8,800,999,9990,999,9990,0,12,1200,1,2,2,1,2,1,2,1,2,25,3,30,1,0,0,0,0,0,6000,98700,0,6000,0,0,0,2,1,2,1,2,1,2,0,0,0,NA,NA
"14",2010,201001,1240471,915760,3,51,1,1,2010012404711,48,550048,1,0,0,15880,90,14,32,50,49,94,51,43,56,69,66,44,53,14,13,70,94,28,76,39,10,98,57,58,46,18,72,60,64,42,16,50,96,56,84,19,11,93,46,73,17,68,93,37,63,12,49,68,49,48,30,44,50,89,94,12,18,105,54,38,62,16,16,43,45,117,94,56,56,42,71,51,53,12,22,82,70,16,69,45,1,51,1,3,0,0,0,0,0,1,0,0,34,34,1,101,1,83,1,1,100,1,100,48,4800,210,2101,999,9990,0,12,1200,1,2,1,1,2,2,2,1,2,23,3,30,1,0,0,0,0,0,12600,15880,0,6200,4300,2100,0,1,1,1,1,1,1,1,0,0,1,NA,NA
"15",2010,201001,1240471,915760,3,51,1,1,2010012404711,48,550048,1,0,0,15880,90,14,32,50,49,94,51,43,56,69,66,44,53,14,13,70,94,28,76,39,10,98,57,58,46,18,72,60,64,42,16,50,96,56,84,19,11,93,46,73,17,68,93,37,63,12,49,68,49,48,30,44,50,89,94,12,18,105,54,38,62,16,16,43,45,117,94,56,56,42,71,51,53,12,22,82,70,16,69,45,2,61,1,3,0,0,0,0,0,1,0,0,34,34,2,201,2,63,1,1,100,1,100,200,20000,210,2101,999,9990,1991,12,1200,1,2,2,1,1,1,1,1,2,23,3,30,1,0,0,0,0,0,2800,15880,0,2800,0,0,0,1,1,1,1,1,1,1,0,0,1,NA,NA
"16",2010,201001,1240471,915760,3,51,1,1,2010012404711,48,550048,1,0,0,15880,90,14,32,50,49,94,51,43,56,69,66,44,53,14,13,70,94,28,76,39,10,98,57,58,46,18,72,60,64,42,16,50,96,56,84,19,11,93,46,73,17,68,93,37,63,12,49,68,49,48,30,44,50,89,94,12,18,105,54,38,62,16,16,43,45,117,94,56,56,42,71,51,53,12,22,82,70,16,69,45,3,99,1,3,0,0,0,2,1,0,0,0,99,99,3,301,2,34,6,1,100,1,100,48,4800,210,2101,999,9990,0,12,1200,1,1,1,1,1,1,1,1,10,101,2,20,2,2,29,4230,9290,0,480,15880,0,0,0,0,14,1,1,2,1,1,1,1,0,0,1,63,83
"17",2011,201101,31953,371863,6,25,1,1,2011000319531,4,11704,1,0,0,172600,42,7,42,23,7,8,8,25,38,6,26,25,27,23,41,38,24,26,24,24,8,38,7,26,41,43,38,25,8,40,26,24,26,25,7,8,24,25,25,24,43,7,47,26,8,7,7,25,39,7,30,24,25,25,43,43,24,23,25,30,7,44,7,23,42,43,43,26,8,36,25,21,27,24,6,8,22,25,25,27,1,24,1,6,0,0,0,4,0,1,0,0,26,26,1,101,2,54,1,7,700,1,100,200,20000,210,2101,999,9990,1973,12,1200,1,1,1,1,1,1,1,1,6,63,3,30,1,2,29,4760,5270,40,56000,172600,56000,0,0,0,24,1,1,1,1,1,1,1,0,0,0,89,NA
"18",2011,201101,31953,371863,6,25,1,1,2011000319531,4,11704,1,0,0,172600,42,7,42,23,7,8,8,25,38,6,26,25,27,23,41,38,24,26,24,24,8,38,7,26,41,43,38,25,8,40,26,24,26,25,7,8,24,25,25,24,43,7,47,26,8,7,7,25,39,7,30,24,25,25,43,43,24,23,25,30,7,44,7,23,42,43,43,26,8,36,25,21,27,24,6,8,22,25,25,27,2,23,1,6,0,0,0,0,0,1,0,0,26,26,2,201,1,56,1,7,700,1,100,200,20000,210,2101,999,9990,1983,12,1200,1,1,1,1,1,1,1,1,10,101,1,10,2,1,13,4760,5270,56,48000,172600,0,0,0,0,24,1,1,1,1,1,1,1,10,30,0,NA,NA
"19",2011,201101,31953,371863,6,25,1,1,2011000319531,4,11704,1,0,0,172600,42,7,42,23,7,8,8,25,38,6,26,25,27,23,41,38,24,26,24,24,8,38,7,26,41,43,38,25,8,40,26,24,26,25,7,8,24,25,25,24,43,7,47,26,8,7,7,25,39,7,30,24,25,25,43,43,24,23,25,30,7,44,7,23,42,43,43,26,8,36,25,21,27,24,6,8,22,25,25,27,3,29,1,6,1,1,1,1,2,1,1,0,1,1,3,301,1,26,1,7,700,1,100,4,400,290,2900,999,9990,0,12,1200,1,2,1,1,2,2,1,1,6,61,1,10,2,2,22,5240,7590,40,58100,172600,55000,0,3100,0,25,1,1,1,1,1,1,1,10,75,0,54,56
"20",2011,201101,31953,371863,6,25,1,1,2011000319531,4,11704,1,0,0,172600,42,7,42,23,7,8,8,25,38,6,26,25,27,23,41,38,24,26,24,24,8,38,7,26,41,43,38,25,8,40,26,24,26,25,7,8,24,25,25,24,43,7,47,26,8,7,7,25,39,7,30,24,25,25,43,43,24,23,25,30,7,44,7,23,42,43,43,26,8,36,25,21,27,24,6,8,22,25,25,27,4,50,1,6,0,0,0,0,0,1,0,0,54,54,5,501,2,89,5,7,700,1,100,200,20000,210,2101,999,9990,1970,12,1200,1,2,1,1,2,2,2,1,0,2,3,30,1,0,0,0,0,0,10500,172600,0,0,0,10500,0,1,1,1,1,2,1,2,0,0,0,NA,NA
"21",2011,201101,31953,371863,6,25,1,1,2011000319531,4,11704,1,0,0,172600,42,7,42,23,7,8,8,25,38,6,26,25,27,23,41,38,24,26,24,24,8,38,7,26,41,43,38,25,8,40,26,24,26,25,7,8,24,25,25,24,43,7,47,26,8,7,7,25,39,7,30,24,25,25,43,43,24,23,25,30,7,44,7,23,42,43,43,26,8,36,25,21,27,24,6,8,22,25,25,27,5,27,1,6,1,3,3,6,3,0,0,0,99,99,9,901,1,1,6,7,700,1,100,4,400,290,2900,999,9990,0,0,0,1,2,1,1,2,2,1,1,0,1,0,0,0,0,0,0,0,0,9999999,172600,999999,99999,99999,99999,0,0,0,0,0,1,1,1,0,0,0,21,26
"22",2011,201101,31953,371863,6,25,1,1,2011000319531,4,11704,1,0,0,172600,42,7,42,23,7,8,8,25,38,6,26,25,27,23,41,38,24,26,24,24,8,38,7,26,41,43,38,25,8,40,26,24,26,25,7,8,24,25,25,24,43,7,47,26,8,7,7,25,39,7,30,24,25,25,43,43,24,23,25,30,7,44,7,23,42,43,43,26,8,36,25,21,27,24,6,8,22,25,25,27,6,30,1,6,1,2,2,0,0,1,1,0,1,1,4,401,2,21,1,7,700,1,100,200,20000,210,2101,999,9990,1999,12,1200,1,1,1,1,1,1,1,1,6,63,3,30,1,2,22,4720,5270,0,0,172600,0,0,0,0,18,1,1,1,1,1,1,1,0,0,0,NA,NA
"23",2011,201101,36462,619903,2,36,3,1,2011000364621,4,90004,1,0,0,20630,41,58,59,54,11,10,56,30,14,57,48,42,43,16,39,33,32,34,11,44,35,37,69,55,11,8,45,34,8,57,78,35,53,11,41,38,37,45,8,47,39,38,64,67,8,8,60,45,8,66,78,45,41,13,34,29,29,34,9,29,45,49,48,47,12,11,62,37,10,64,62,37,39,12,41,37,28,38,11,36,1,36,1,2,0,0,0,0,0,1,0,0,42,42,1,101,2,83,5,1,100,1,100,4,400,210,2101,999,9990,0,12,1200,1,2,1,1,2,1,2,1,2,23,3,30,1,0,0,0,0,0,18100,20630,0,14000,0,0,0,1,1,2,1,1,1,1,0,0,0,NA,NA
"24",2011,201101,36462,619903,2,36,3,1,2011000364621,4,90004,1,0,0,20630,41,58,59,54,11,10,56,30,14,57,48,42,43,16,39,33,32,34,11,44,35,37,69,55,11,8,45,34,8,57,78,35,53,11,41,38,37,45,8,47,39,38,64,67,8,8,60,45,8,66,78,45,41,13,34,29,29,34,9,29,45,49,48,47,12,11,62,37,10,64,62,37,39,12,41,37,28,38,11,36,2,196,1,2,0,0,0,1,0,0,0,0,99,99,3,301,1,42,6,1,100,1,100,4,400,210,2101,999,9990,0,12,1200,1,1,1,1,1,1,1,1,3,30,3,30,1,2,29,6050,170,0,2530,20630,0,0,2400,0,9,1,1,1,1,1,1,1,0,0,0,83,NA
"25",2011,201101,86075,203289,3,152,1,1,2011000860751,6,760406,1,0,0,97000,266,45,152,152,273,47,143,149,47,165,140,40,161,155,152,47,241,252,254,156,236,46,136,148,271,48,168,151,49,152,137,47,153,154,146,44,255,257,247,154,50,258,170,146,41,236,146,146,281,142,154,271,140,140,165,257,43,42,48,144,45,240,142,176,48,242,160,152,298,157,147,246,151,170,152,251,43,41,44,151,1,152,1,3,0,0,0,0,0,1,0,0,18,18,1,101,2,34,1,1,100,1,100,6,600,210,2101,999,9990,0,1,100,1,2,2,1,1,1,1,1,7,71,1,10,2,2,28,5700,9490,40,49500,97000,49500,0,0,0,22,1,1,1,1,1,1,1,10,20,0,NA,NA
"26",2011,201101,86075,203289,3,152,1,1,2011000860751,6,760406,1,0,0,97000,266,45,152,152,273,47,143,149,47,165,140,40,161,155,152,47,241,252,254,156,236,46,136,148,271,48,168,151,49,152,137,47,153,154,146,44,255,257,247,154,50,258,170,146,41,236,146,146,281,142,154,271,140,140,165,257,43,42,48,144,45,240,142,176,48,242,160,152,298,157,147,246,151,170,152,251,43,41,44,151,3,158,1,3,0,0,0,1,2,0,0,0,99,99,3,301,1,18,6,1,100,1,100,6,600,32,321,148,1480,0,1,100,1,2,2,1,1,1,1,1,6,65,2,20,2,2,29,5860,7580,8,2500,97000,2500,0,0,0,25,1,1,1,1,1,1,1,0,0,0,85,54
"27",2011,201101,98084,325906,5,55,1,1,2011000980841,6,250006,1,0,0,19100,103,62,16,61,84,49,47,83,43,16,14,18,72,72,56,46,58,112,83,104,13,47,89,59,18,55,50,13,49,110,84,93,67,41,57,64,56,22,16,108,18,64,96,48,16,43,53,16,60,96,101,79,60,49,58,58,56,18,15,17,90,45,17,54,87,60,56,114,59,17,18,15,56,45,51,61,50,95,103,18,1,55,1,5,0,0,0,0,0,3,0,0,27,13,1,101,2,52,1,1,100,1,100,200,20000,218,2183,999,9990,1989,12,1200,1,1,1,1,1,1,1,1,7,71,3,30,1,0,0,0,0,0,0,19100,0,0,0,0,0,1,1,1,1,1,1,1,0,0,1,NA,NA
"28",2011,201101,98084,325906,5,55,1,1,2011000980841,6,250006,1,0,0,19100,103,62,16,61,84,49,47,83,43,16,14,18,72,72,56,46,58,112,83,104,13,47,89,59,18,55,50,13,49,110,84,93,67,41,57,64,56,22,16,108,18,64,96,48,16,43,53,16,60,96,101,79,60,49,58,58,56,18,15,17,90,45,17,54,87,60,56,114,59,17,18,15,56,45,51,61,50,95,103,18,2,42,1,5,0,0,0,0,0,3,0,0,27,13,2,201,1,52,1,1,100,1,100,200,20000,218,2183,999,9990,1987,12,1200,1,1,1,1,1,1,1,1,6,63,3,30,1,2,22,9130,4670,0,13000,19100,0,0,0,0,25,1,1,1,1,1,1,1,0,0,1,NA,NA
"29",2011,201101,98084,325906,5,55,1,1,2011000980841,6,250006,1,0,0,19100,103,62,16,61,84,49,47,83,43,16,14,18,72,72,56,46,58,112,83,104,13,47,89,59,18,55,50,13,49,110,84,93,67,41,57,64,56,22,16,108,18,64,96,48,16,43,53,16,60,96,101,79,60,49,58,58,56,18,15,17,90,45,17,54,87,60,56,114,59,17,18,15,56,45,51,61,50,95,103,18,3,52,1,5,0,0,0,1,2,0,0,2,99,99,3,301,1,27,6,1,100,1,100,200,20000,218,2183,999,9990,1989,12,1200,1,1,1,1,1,1,1,1,6,63,3,30,1,2,29,4250,7770,0,0,19100,0,0,0,0,17,1,1,1,1,1,1,1,0,0,1,80,52
"30",2011,201101,98084,325906,5,55,1,1,2011000980841,6,250006,1,0,0,19100,103,62,16,61,84,49,47,83,43,16,14,18,72,72,56,46,58,112,83,104,13,47,89,59,18,55,50,13,49,110,84,93,67,41,57,64,56,22,16,108,18,64,96,48,16,43,53,16,60,96,101,79,60,49,58,58,56,18,15,17,90,45,17,54,87,60,56,114,59,17,18,15,56,45,51,61,50,95,103,18,4,51,1,5,0,0,0,1,2,0,0,2,99,99,3,301,1,27,6,1,100,1,100,200,20000,218,2183,999,9990,1989,12,1200,1,1,1,1,1,1,1,1,6,63,1,10,2,2,22,4250,7770,35,6100,19100,6100,0,0,0,17,1,1,1,1,1,1,1,10,10,1,80,52
"31",2011,201101,98084,325906,5,55,1,1,2011000980841,6,250006,1,0,0,19100,103,62,16,61,84,49,47,83,43,16,14,18,72,72,56,46,58,112,83,104,13,47,89,59,18,55,50,13,49,110,84,93,67,41,57,64,56,22,16,108,18,64,96,48,16,43,53,16,60,96,101,79,60,49,58,58,56,18,15,17,90,45,17,54,87,60,56,114,59,17,18,15,56,45,51,61,50,95,103,18,5,54,1,5,0,0,0,1,2,0,0,2,99,99,3,301,2,13,6,1,100,1,100,6,600,210,2102,999,9990,0,12,1200,1,1,1,1,1,1,1,1,2,23,0,0,0,0,0,0,0,0,9999999,19100,999999,99999,99999,99999,0,1,1,0,1,1,1,1,0,0,1,80,52
"32",2011,201101,101783,364557,3,45,1,1,2011001017831,6,510006,1,0,0,32200,66,48,75,12,50,77,93,42,44,49,46,42,14,45,74,14,37,14,56,87,15,43,14,78,42,13,14,46,44,44,44,48,79,43,12,66,46,76,42,70,14,44,11,83,45,13,14,44,47,52,44,46,76,42,13,75,44,77,47,16,86,50,83,13,41,77,68,46,43,38,43,42,14,47,75,13,48,14,43,12,1,44,1,3,0,0,0,0,0,1,0,0,55,55,1,101,1,81,1,1,100,1,100,6,600,211,2110,999,9990,0,12,1200,1,2,1,1,2,1,2,1,6,63,3,30,1,0,0,0,0,0,20100,32200,0,11200,0,0,0,1,2,1,1,1,1,1,0,0,1,NA,NA
"33",2011,201101,101783,364557,3,45,1,1,2011001017831,6,510006,1,0,0,32200,66,48,75,12,50,77,93,42,44,49,46,42,14,45,74,14,37,14,56,87,15,43,14,78,42,13,14,46,44,44,44,48,79,43,12,66,46,76,42,70,14,44,11,83,45,13,14,44,47,52,44,46,76,42,13,75,44,77,47,16,86,50,83,13,41,77,68,46,43,38,43,42,14,47,75,13,48,14,43,12,2,48,1,3,0,0,0,0,0,1,0,0,55,55,2,201,2,77,1,1,100,1,100,6,600,211,2110,999,9990,0,12,1200,1,2,1,1,2,1,2,1,6,63,3,30,1,0,0,0,0,0,12100,32200,0,12100,0,0,0,1,1,1,1,1,1,1,0,0,1,NA,NA
"34",2011,201101,101783,364557,3,45,1,1,2011001017831,6,510006,1,0,0,32200,66,48,75,12,50,77,93,42,44,49,46,42,14,45,74,14,37,14,56,87,15,43,14,78,42,13,14,46,44,44,44,48,79,43,12,66,46,76,42,70,14,44,11,83,45,13,14,44,47,52,44,46,76,42,13,75,44,77,47,16,86,50,83,13,41,77,68,46,43,38,43,42,14,47,75,13,48,14,43,12,3,66,1,3,0,0,0,2,1,0,0,0,99,99,3,301,2,55,6,1,100,1,100,6,600,211,2110,999,9990,0,12,1200,1,1,1,1,1,1,1,1,7,71,3,30,1,2,29,5860,7580,0,0,32200,0,0,0,0,25,1,1,1,1,1,1,1,0,0,1,77,81
"35",2011,201101,144429,804081,5,72,1,1,2011001444291,6,530006,1,0,0,14000,75,71,70,75,125,114,125,68,21,71,127,76,73,117,78,20,23,23,74,20,69,70,71,73,119,128,136,72,23,77,113,74,74,129,71,23,22,22,74,133,70,69,69,71,24,22,20,72,125,73,21,75,66,21,78,129,121,127,77,110,73,70,72,72,22,23,22,70,131,74,21,80,76,21,66,128,128,123,70,22,1,71,1,5,0,0,0,0,0,3,0,0,10,5,1,101,1,37,1,7,700,1,100,6,600,210,2101,999,9990,0,1,100,1,2,2,1,1,1,1,1,6,61,1,10,2,2,22,8965,2270,40,14000,14000,14000,0,0,0,23,1,1,1,1,1,1,1,10,10,1,NA,NA
"36",2011,201101,144429,804081,5,72,1,1,2011001444291,6,530006,1,0,0,14000,75,71,70,75,125,114,125,68,21,71,127,76,73,117,78,20,23,23,74,20,69,70,71,73,119,128,136,72,23,77,113,74,74,129,71,23,22,22,74,133,70,69,69,71,24,22,20,72,125,73,21,75,66,21,78,129,121,127,77,110,73,70,72,72,22,23,22,70,131,74,21,80,76,21,66,128,128,123,70,22,2,78,1,5,0,0,0,0,0,3,0,0,10,5,2,201,2,30,1,9,941,1,100,6,600,210,2101,740,7401,0,1,100,1,2,2,1,1,1,1,1,6,63,3,30,1,0,0,0,0,0,0,14000,0,0,0,0,0,1,1,1,1,1,1,1,0,0,1,NA,NA
"37",2011,201101,144429,804081,5,72,1,1,2011001444291,6,530006,1,0,0,14000,75,71,70,75,125,114,125,68,21,71,127,76,73,117,78,20,23,23,74,20,69,70,71,73,119,128,136,72,23,77,113,74,74,129,71,23,22,22,74,133,70,69,69,71,24,22,20,72,125,73,21,75,66,21,78,129,121,127,77,110,73,70,72,72,22,23,22,70,131,74,21,80,76,21,66,128,128,123,70,22,3,69,1,5,0,0,0,2,1,0,0,2,99,99,3,301,2,10,6,9,941,1,100,6,600,210,2101,740,7401,0,1,100,1,2,2,1,1,1,1,1,1,17,0,0,0,0,0,0,0,0,9999999,14000,999999,99999,99999,99999,0,1,1,0,1,1,1,1,0,0,1,28,64
"38",2011,201101,144429,804081,5,72,1,1,2011001444291,6,530006,1,0,0,14000,75,71,70,75,125,114,125,68,21,71,127,76,73,117,78,20,23,23,74,20,69,70,71,73,119,128,136,72,23,77,113,74,74,129,71,23,22,22,74,133,70,69,69,71,24,22,20,72,125,73,21,75,66,21,78,129,121,127,77,110,73,70,72,72,22,23,22,70,131,74,21,80,76,21,66,128,128,123,70,22,4,76,1,5,0,0,0,2,1,0,0,2,99,99,3,301,1,7,6,9,941,1,100,6,600,210,2101,740,7401,0,1,100,1,2,2,1,1,1,1,1,1,14,0,0,0,0,0,0,0,0,9999999,14000,999999,99999,99999,99999,0,1,1,0,1,1,1,1,0,0,1,28,64
"39",2011,201101,144429,804081,5,72,1,1,2011001444291,6,530006,1,0,0,14000,75,71,70,75,125,114,125,68,21,71,127,76,73,117,78,20,23,23,74,20,69,70,71,73,119,128,136,72,23,77,113,74,74,129,71,23,22,22,74,133,70,69,69,71,24,22,20,72,125,73,21,75,66,21,78,129,121,127,77,110,73,70,72,72,22,23,22,70,131,74,21,80,76,21,66,128,128,123,70,22,5,70,1,5,0,0,0,2,1,0,0,2,99,99,3,301,2,5,6,9,941,1,100,6,600,210,2101,740,7401,0,1,100,1,2,2,1,1,1,1,1,0,2,0,0,0,0,0,0,0,0,9999999,14000,999999,99999,99999,99999,0,1,1,0,1,1,1,1,0,0,1,28,64
"40",2011,201101,149424,854396,4,82,1,1,2011001494241,6,750106,1,0,0,115500,75,167,65,77,142,142,141,134,103,130,91,162,88,81,85,76,133,131,68,24,83,23,105,70,27,24,24,23,74,25,82,24,64,84,79,77,26,22,102,111,74,137,65,92,152,116,130,157,85,124,97,186,93,76,82,66,116,119,67,24,88,21,99,92,28,24,25,27,76,25,72,22,70,72,83,85,27,35,100,144,1,82,1,4,0,0,0,0,0,1,0,0,61,61,1,101,1,84,1,1,100,1,100,6,600,211,2110,999,9990,0,12,1200,1,2,2,1,2,1,2,1,6,61,3,30,1,0,0,0,0,0,74800,115500,0,16800,0,0,0,1,2,1,1,1,1,1,0,0,0,NA,NA
"41",2011,201101,149424,854396,4,82,1,1,2011001494241,6,750106,1,0,0,115500,75,167,65,77,142,142,141,134,103,130,91,162,88,81,85,76,133,131,68,24,83,23,105,70,27,24,24,23,74,25,82,24,64,84,79,77,26,22,102,111,74,137,65,92,152,116,130,157,85,124,97,186,93,76,82,66,116,119,67,24,88,21,99,92,28,24,25,27,76,25,72,22,70,72,83,85,27,35,100,144,2,93,1,4,0,0,0,0,0,1,0,0,61,61,2,201,2,84,1,1,100,1,100,6,600,211,2110,999,9990,0,12,1200,1,2,2,1,2,1,2,1,5,50,3,30,1,0,0,0,0,0,7700,115500,0,7700,0,0,0,2,1,2,1,1,1,1,0,0,0,NA,NA
"42",2011,201101,149424,854396,4,82,1,1,2011001494241,6,750106,1,0,0,115500,75,167,65,77,142,142,141,134,103,130,91,162,88,81,85,76,133,131,68,24,83,23,105,70,27,24,24,23,74,25,82,24,64,84,79,77,26,22,102,111,74,137,65,92,152,116,130,157,85,124,97,186,93,76,82,66,116,119,67,24,88,21,99,92,28,24,25,27,76,25,72,22,70,72,83,85,27,35,100,144,3,91,1,4,3,1,1,2,1,1,0,0,10,10,3,301,1,61,4,1,100,1,100,6,600,211,2110,999,9990,0,1,100,1,2,1,1,2,1,1,2,7,71,3,30,1,2,29,6460,770,0,33000,115500,0,0,0,0,29,1,1,1,1,1,1,1,0,0,0,84,84
"43",2011,201101,149424,854396,4,82,1,1,2011001494241,6,750106,1,0,0,115500,75,167,65,77,142,142,141,134,103,130,91,162,88,81,85,76,133,131,68,24,83,23,105,70,27,24,24,23,74,25,82,24,64,84,79,77,26,22,102,111,74,137,65,92,152,116,130,157,85,124,97,186,93,76,82,66,116,119,67,24,88,21,99,92,28,24,25,27,76,25,72,22,70,72,83,85,27,35,100,144,4,68,1,4,3,3,3,0,3,0,0,0,99,99,9,901,1,10,6,1,100,1,100,6,600,211,2110,999,9990,0,1,100,1,1,1,1,1,1,1,1,1,16,0,0,0,0,0,0,0,0,9999999,115500,999999,99999,99999,99999,0,1,1,0,1,1,1,1,0,0,0,NA,61
"44",2011,201101,187540,1244211,6,85,1,1,2011001875401,6,290006,1,0,0,76200,79,78,81,24,24,140,29,101,94,139,167,128,77,89,24,154,96,26,88,145,24,163,129,81,90,69,76,29,141,90,91,87,25,154,85,80,28,95,27,81,83,100,88,26,27,157,27,72,82,160,146,136,90,96,24,153,81,21,83,122,31,186,158,81,85,81,80,27,146,93,96,82,23,162,84,79,25,83,27,100,1,85,1,6,0,0,0,6,0,3,0,0,26,16,1,101,2,54,1,1,100,1,100,200,20000,210,2101,999,9990,1978,12,1200,1,2,2,1,1,1,1,1,2,23,1,10,2,2,29,4610,9290,40,13700,76200,13700,0,0,0,16,1,1,1,1,1,1,1,80,0,0,82,NA
"45",2011,201101,187540,1244211,6,85,1,1,2011001875401,6,290006,1,0,0,76200,79,78,81,24,24,140,29,101,94,139,167,128,77,89,24,154,96,26,88,145,24,163,129,81,90,69,76,29,141,90,91,87,25,154,85,80,28,95,27,81,83,100,88,26,27,157,27,72,82,160,146,136,90,96,24,153,81,21,83,122,31,186,158,81,85,81,80,27,146,93,96,82,23,162,84,79,25,83,27,100,2,82,1,6,0,0,0,0,0,3,0,0,26,16,2,201,1,58,1,1,100,1,100,200,20000,210,2101,999,9990,1975,12,1200,1,2,2,1,1,1,1,1,6,64,1,10,2,2,28,4220,7860,40,29400,76200,29400,0,0,0,19,1,1,1,1,1,1,1,10,15,0,NA,NA
"46",2011,201101,187540,1244211,6,85,1,1,2011001875401,6,290006,1,0,0,76200,79,78,81,24,24,140,29,101,94,139,167,128,77,89,24,154,96,26,88,145,24,163,129,81,90,69,76,29,141,90,91,87,25,154,85,80,28,95,27,81,83,100,88,26,27,157,27,72,82,160,146,136,90,96,24,153,81,21,83,122,31,186,158,81,85,81,80,27,146,93,96,82,23,162,84,79,25,83,27,100,3,89,1,6,0,0,0,1,2,0,0,2,99,99,3,301,1,26,6,1,100,1,100,6,600,211,2110,999,9990,0,12,1200,1,1,1,1,1,1,1,1,10,101,1,10,2,2,22,740,8090,40,18000,76200,18000,0,0,0,36,1,1,1,1,1,1,1,10,45,0,54,58
"47",2011,201101,187540,1244211,6,85,1,1,2011001875401,6,290006,1,0,0,76200,79,78,81,24,24,140,29,101,94,139,167,128,77,89,24,154,96,26,88,145,24,163,129,81,90,69,76,29,141,90,91,87,25,154,85,80,28,95,27,81,83,100,88,26,27,157,27,72,82,160,146,136,90,96,24,153,81,21,83,122,31,186,158,81,85,81,80,27,146,93,96,82,23,162,84,79,25,83,27,100,4,111,1,6,0,0,0,1,2,0,0,2,99,99,3,301,2,24,6,1,100,1,100,6,600,211,2110,999,9990,0,12,1200,1,1,1,1,1,1,1,1,8,81,1,10,2,2,22,4760,5170,30,5000,76200,5000,0,0,0,24,1,1,1,1,1,1,1,10,15,0,54,58
"48",2011,201101,187540,1244211,6,85,1,1,2011001875401,6,290006,1,0,0,76200,79,78,81,24,24,140,29,101,94,139,167,128,77,89,24,154,96,26,88,145,24,163,129,81,90,69,76,29,141,90,91,87,25,154,85,80,28,95,27,81,83,100,88,26,27,157,27,72,82,160,146,136,90,96,24,153,81,21,83,122,31,186,158,81,85,81,80,27,146,93,96,82,23,162,84,79,25,83,27,100,5,60,1,6,0,0,0,1,2,0,0,2,99,99,3,301,2,16,6,1,100,1,100,6,600,211,2110,999,9990,0,12,1200,1,2,1,1,2,2,1,1,3,30,3,30,1,0,0,0,0,0,0,76200,0,0,0,0,0,1,1,1,1,1,1,1,0,0,0,54,58
"49",2011,201101,187540,1244211,6,85,1,1,2011001875401,6,290006,1,0,0,76200,79,78,81,24,24,140,29,101,94,139,167,128,77,89,24,154,96,26,88,145,24,163,129,81,90,69,76,29,141,90,91,87,25,154,85,80,28,95,27,81,83,100,88,26,27,157,27,72,82,160,146,136,90,96,24,153,81,21,83,122,31,186,158,81,85,81,80,27,146,93,96,82,23,162,84,79,25,83,27,100,6,139,1,6,0,0,0,0,0,1,0,0,54,54,5,501,2,82,5,1,100,1,100,200,20000,210,2101,999,9990,1978,12,1200,1,2,1,1,2,2,2,1,0,2,3,30,1,0,0,0,0,0,10100,76200,0,0,0,10100,0,2,2,2,2,1,1,1,0,0,0,NA,NA
"50",2011,201101,195510,1326151,2,59,3,1,2011001955101,6,610406,1,0,0,12580,18,119,19,58,61,86,100,91,57,69,16,92,59,19,54,46,62,64,18,17,68,67,58,103,17,64,55,61,115,17,71,66,82,49,105,103,19,14,51,53,20,93,18,58,59,87,88,109,75,53,17,105,66,17,57,57,63,56,18,20,52,63,61,103,16,62,51,56,102,19,67,58,94,76,89,97,15,15,58,53,1,59,1,2,0,0,0,0,0,1,0,0,49,49,1,101,2,82,5,1,100,1,100,200,20000,210,2101,999,9990,1954,12,1200,1,2,1,1,2,1,2,1,2,23,3,30,1,0,0,0,0,0,12000,12580,0,17800,0,0,0,1,1,1,1,1,1,1,0,0,1,NA,NA
"51",2011,201101,195510,1326151,2,59,3,1,2011001955101,6,610406,1,0,0,12580,18,119,19,58,61,86,100,91,57,69,16,92,59,19,54,46,62,64,18,17,68,67,58,103,17,64,55,61,115,17,71,66,82,49,105,103,19,14,51,53,20,93,18,58,59,87,88,109,75,53,17,105,66,17,57,57,63,56,18,20,52,63,61,103,16,62,51,56,102,19,67,58,94,76,89,97,15,15,58,53,2,66,1,2,0,0,0,1,0,0,0,0,99,99,3,301,1,49,6,1,100,1,100,6,600,211,2110,999,9990,0,12,1200,1,2,2,1,1,1,1,1,10,101,1,10,2,2,29,430,7070,5,580,12580,580,0,0,0,42,1,1,1,1,1,1,1,80,0,1,82,NA
"52",2011,201101,1209382,926617,3,48,1,1,2011012093821,48,320048,1,0,0,55380,49,54,42,47,78,89,82,49,14,67,119,55,61,116,42,15,13,16,49,88,44,64,45,35,11,13,12,39,73,43,19,48,32,13,44,90,87,87,48,14,73,49,39,54,105,82,88,49,15,42,93,59,79,97,46,9,15,28,48,72,78,42,42,55,12,12,12,37,88,39,15,51,57,13,46,51,80,130,47,16,1,48,1,3,0,0,0,0,0,1,0,0,55,55,1,101,1,85,1,1,100,1,100,48,4800,211,2110,999,9990,0,12,1200,1,2,2,1,2,1,2,1,1,15,3,30,1,0,0,0,0,0,34780,55380,0,10700,0,0,0,1,2,1,2,2,1,2,0,0,0,NA,NA
"53",2011,201101,1209382,926617,3,48,1,1,2011012093821,48,320048,1,0,0,55380,49,54,42,47,78,89,82,49,14,67,119,55,61,116,42,15,13,16,49,88,44,64,45,35,11,13,12,39,73,43,19,48,32,13,44,90,87,87,48,14,73,49,39,54,105,82,88,49,15,42,93,59,79,97,46,9,15,28,48,72,78,42,42,55,12,12,12,37,88,39,15,51,57,13,46,51,80,130,47,16,2,70,1,3,0,0,0,0,0,1,0,0,55,55,2,201,2,85,1,1,100,1,100,40,4000,211,2110,999,9990,0,12,1200,1,2,2,1,2,1,2,1,2,22,3,30,1,0,0,0,0,0,4400,55380,0,4400,0,0,0,2,2,2,2,2,2,1,0,0,0,NA,NA
"54",2011,201101,1209382,926617,3,48,1,1,2011012093821,48,320048,1,0,0,55380,49,54,42,47,78,89,82,49,14,67,119,55,61,116,42,15,13,16,49,88,44,64,45,35,11,13,12,39,73,43,19,48,32,13,44,90,87,87,48,14,73,49,39,54,105,82,88,49,15,42,93,59,79,97,46,9,15,28,48,72,78,42,42,55,12,12,12,37,88,39,15,51,57,13,46,51,80,130,47,16,3,120,1,3,0,0,0,2,1,0,0,0,99,99,3,301,1,55,4,1,100,1,100,48,4800,211,2110,999,9990,0,12,1200,1,1,1,1,1,1,1,1,6,63,3,30,1,2,29,4610,8170,99,16200,55380,16200,0,0,0,16,1,1,1,1,1,1,1,0,0,0,85,85
